Workbook

Sheet Inputs
C2: Inputs and Inventory Calculations
A4: Input | B4: Value
A5: Item/SKU | B5: Sample SKU
A6: Unit Cost ($) | B6: 15
A7: Ordering cost per order | B7: 60
A8: Annual holding rate | B8: 0.2
A9: Lead Time (days) | B9: 14
A10: Service Factor (z) | B10: 1.65
A13: Calculated Metric | B13: Result
A14: Average Monthly Demand | B14: =AVERAGE(Demand_MA!B5:B22) -> 1200
A15: Monthly demand std dev | B15: =132.1 -> 132.1
A16: Average daily demand | B16: =B14/30 -> 40
A17: Annual demand | B17: =B14*12 -> 14400
A18: Holding cost per unit/year | B18: =B6*B8 -> 3
A19: Lead time demand | B19: =B16*B9 -> 560
A20: Safety Stock | B20: =B10*B15*SQRT(B9/30) -> 148.89844
A21: Reorder point | B21: =B19+B20 -> 708.89844
A22: EOQ | B22: =SQRT((2*B17*B7)/B18) -> 758.94664
A23: Annual ordering cost | B23: =(B17/B22)*B7 -> 1138.42
A24: Annual holding cost | B24: =((B22/2)+B20)*B18 -> 1585.1153
A25: Total annual cost | B25: =B23+B24 -> 2723.5352

Sheet Demand_MA
C2: 3-Month-Moving-Average
A4: Month | B4: Actual Demand | C4: Forecast | D4: Abs Error | E4: Abs % Error | G4: Forecast Summary
A5: Jan-24 | B5: 980 | G5: Next month forecast | H5: =AVERAGE(B20:B22) -> 1386.6667
A6: Feb-24 | B6: 1025 | G6: Average APE | H6: =AVERAGE(E8:E22) -> 0.041711757
A7: Mar-24 | B7: 1010 | G7: MAPE | H7: =H6 -> 0.041711757
A8: Apr-24 | B8: 1080 | C8: =AVERAGE(B5:B7) -> 1005 | D8: =ABS(B8-C8) -> 75 | E8: =D8/B8 -> 0.069444444
A9: May-24 | B9: 1125 | C9: =AVERAGE(B6:B8) -> 1038.3333 | D9: =ABS(B9-C9) -> 86.666667 | E9: =D9/B9 -> 0.077037037
A10: Jun-24 | B10: 1095 | C10: =AVERAGE(B7:B9) -> 1071.6667 | D10: =ABS(B10-C10) -> 23.333333 | E10: =D10/B10 -> 0.02130898
A11: Jul-24 | B11: 1150 | C11: =AVERAGE(B8:B10) -> 1100 | D11: =ABS(B11-C11) -> 50 | E11: =D11/B11 -> 0.043478261
A12: Aug-24 | B12: 1185 | C12: =AVERAGE(B9:B11) -> 1123.3333 | D12: =ABS(B12-C12) -> 61.666667 | E12: =D12/B12 -> 0.052039381
A13: Sep-24 | B13: 1160 | C13: =AVERAGE(B10:B12) -> 1143.3333 | D13: =ABS(B13-C13) -> 16.666667 | E13: =D13/B13 -> 0.014367816
A14: Oct-24 | B14: 1210 | C14: =AVERAGE(B11:B13) -> 1165 | D14: =ABS(B14-C14) -> 45 | E14: =D14/B14 -> 0.037190083
A15: Nov-24 | B15: 1240 | C15: =AVERAGE(B12:B14) -> 1185 | D15: =ABS(B15-C15) -> 55 | E15: =D15/B15 -> 0.044354839
A16: Dec-24 | B16: 1285 | C16: =AVERAGE(B13:B15) -> 1203.3333 | D16: =ABS(B16-C16) -> 81.666667 | E16: =D16/B16 -> 0.063553826
A17: Jan-25 | B17: 1260 | C17: =AVERAGE(B14:B16) -> 1245 | D17: =ABS(B17-C17) -> 15 | E17: =D17/B17 -> 0.011904762
A18: Feb-25 | B18: 1305 | C18: =AVERAGE(B15:B17) -> 1261.6667 | D18: =ABS(B18-C18) -> 43.333333 | E18: =D18/B18 -> 0.033205619
A19: Mar-25 | B19: 1330 | C19: =AVERAGE(B16:B18) -> 1283.3333 | D19: =ABS(B19-C19) -> 46.666667 | E19: =D19/B19 -> 0.035087719
... A22: Jun-25 | B22: 1415 | C22: =AVERAGE(B19:B21) -> 1358.3333 | D22: =ABS(B22-C22) -> 56.666667 | E22: =D22/B22 -> 0.040047114

Sheet Demand_SES
C2: Simple Exponential Smoothing
A4: Month | B4: Actual Demand | C4: SES | D4: Error | E4: Abs Error | F4: % Error | H4: LS | I4: 0.95 | K4: Notes
A5: Jan-24 | B5: 980 | H5: MAD | I5: =AVERAGE(E6:E22) -> 36.954779 | K5: 1. Blue cell represents the decision variable in the Solver
A6: Feb-24 | B6: 1025 | C6: =B5 -> 980 | D6: =B6-C6 -> 45 | E6: =ABS(D6) -> 45 | F6: =E6/B6 -> 0.043902439 | H6: MAPE | I6: =AVERAGE(F6:F22) -> 0.030963967 | K6: 2. Yellow cell represents the objective cell (minimizing in this case)
A7: Mar-24 | B7: 1010 | C7: =$I$4*B6+(1-$I$4)*C6 -> 1022.75 | D7: =B7-C7 -> -12.75 | E7: =ABS(D7) -> 12.75 | F7: =E7/B7 -> 0.012623762 | H7: MSE | I7: =SUMSQ(D6:D22)/(COUNT(D6:D22)-1) -> 1663.5457
A8: Apr-24 | B8: 1080 | C8: =$I$4*B7+(1-$I$4)*C7 -> 1010.6375 | D8: =B8-C8 -> 69.3625 | E8: =ABS(D8) -> 69.3625 | F8: =E8/B8 -> 0.064224537 | H8: RMSE | I8: =SQRT(I7) -> 40.786587
A9: May-24 | B9: 1125 | C9: =$I$4*B8+(1-$I$4)*C8 -> 1076.5319 | D9: =B9-C9 -> 48.468125 | E9: =ABS(D9) -> 48.468125 | F9: =E9/B9 -> 0.043082778
A10: Jun-24 | B10: 1095 | C10: =$I$4*B9+(1-$I$4)*C9 -> 1122.5766 | D10: =B10-C10 -> -27.576594 | E10: =ABS(D10) -> 27.576594 | F10: =E10/B10 -> 0.025184104
A11: Jul-24 | B11: 1150 | C11: =$I$4*B10+(1-$I$4)*C10 -> 1096.3788 | D11: =B11-C11 -> 53.62117 | E11: =ABS(D11) -> 53.62117 | F11: =E11/B11 -> 0.046627105
A12: Aug-24 | B12: 1185 | C12: =$I$4*B11+(1-$I$4)*C11 -> 1147.3189 | D12: =B12-C12 -> 37.681059 | E12: =ABS(D12) -> 37.681059 | F12: =E12/B12 -> 0.031798362
A13: Sep-24 | B13: 1160 | C13: =$I$4*B12+(1-$I$4)*C12 -> 1183.1159 | D13: =B13-C13 -> -23.115947 | E13: =ABS(D13) -> 23.115947 | F13: =E13/B13 -> 0.019927541
A14: Oct-24 | B14: 1210 | C14: =$I$4*B13+(1-$I$4)*C13 -> 1161.1558 | D14: =B14-C14 -> 48.844203 | E14: =ABS(D14) -> 48.844203 | F14: =E14/B14 -> 0.04036711
A15: Nov-24 | B15: 1240 | C15: =$I$4*B14+(1-$I$4)*C14 -> 1207.5578 | D15: =B15-C15 -> 32.44221 | E15: =ABS(D15) -> 32.44221 | F15: =E15/B15 -> 0.026163073
A16: Dec-24 | B16: 1285 | C16: =$I$4*B15+(1-$I$4)*C15 -> 1238.3779 | D16: =B16-C16 -> 46.622111 | E16: =ABS(D16) -> 46.622111 | F16: =E16/B16 -> 0.036281798
A17: Jan-25 | B17: 1260 | C17: =$I$4*B16+(1-$I$4)*C16 -> 1282.6689 | D17: =B17-C17 -> -22.668894 | E17: =ABS(D17) -> 22.668894 | F17: =E17/B17 -> 0.017991186
A18: Feb-25 | B18: 1305 | C18: =$I$4*B17+(1-$I$4)*C17 -> 1261.1334 | D18: =B18-C18 -> 43.866555 | E18: =ABS(D18) -> 43.866555 | F18: =E18/B18 -> 0.033614219
A19: Mar-25 | B19: 1330 | C19: =$I$4*B18+(1-$I$4)*C18 -> 1302.8067 | D19: =B19-C19 -> 27.193328 | E19: =ABS(D19) -> 27.193328 | F19: =E19/B19 -> 0.020446111
A20: Apr-25 | B20: 1365 | C20: =$I$4*B19+(1-$I$4)*C19 -> 1328.6403 | D20: =B20-C20 -> 36.359666 | E20: =ABS(D20) -> 36.359666 | F20: =E20/B20 -> 0.026637118
... A22: Jun-25 | B22: 1415 | C22: =$I$4*B21+(1-$I$4)*C21 -> 1379.1591 | D22: =B22-C22 -> 35.840899 | E22: =ABS(D22) -> 35.840899 | F22: =E22/B22 -> 0.025329257

Sheet Demand_DES
D2: Double Exponential Smoothing
A4: Month | B4: Actual Demand | D4: DES | E4: Level | F4: Trend | I4: LS | J4: 0.27935353 | L4: Notes
A5: Jan-24 | B5: 980 | I5: TS | J5: 0.95 | L5: 1. Blue cell represents the decision variable in the Solver
A6: Feb-24 | B6: 1025 | E6: =AVERAGE(B5:B6) -> 1002.5 | F6: =B6-B5 -> 45 | I6: RMSE | J6: =SQRT(SUMXMY2(B7:B22,D7:D22)/(COUNT(B7:B22)-1)) -> 26.761859 | L6: 2. Yellow cell represents the objective cell (minimizing in this case)
A7: Mar-24 | B7: 1010 | D7: =E6+F6 -> 1047.5 | E7: =$J$4*B7+(1-$J$4)*(E6+F6) -> 1037.0242 | F7: =$J$5*(E7-E6)+(1-$J$5)*F6 -> 35.048031
A8: Apr-24 | B8: 1080 | D8: =E7+F7 -> 1072.0723 | E8: =$J$4*B8+(1-$J$4)*(E7+F7) -> 1074.2869 | F8: =$J$5*(E8-E7)+(1-$J$5)*F7 -> 37.151937
A9: May-24 | B9: 1125 | D9: =E8+F8 -> 1111.4388 | E9: =$J$4*B9+(1-$J$4)*(E8+F8) -> 1115.2272 | F9: =$J$5*(E9-E8)+(1-$J$5)*F8 -> 40.750875
A10: Jun-24 | B10: 1095 | D10: =E9+F9 -> 1155.9781 | E10: =$J$4*B10+(1-$J$4)*(E9+F9) -> 1138.9436 | F10: =$J$5*(E10-E9)+(1-$J$5)*F9 -> 24.568155
A11: Jul-24 | B11: 1150 | D11: =E10+F10 -> 1163.5118 | E11: =$J$4*B11+(1-$J$4)*(E10+F10) -> 1159.7372 | F11: =$J$5*(E11-E10)+(1-$J$5)*F10 -> 20.982317
A12: Aug-24 | B12: 1185 | D12: =E11+F11 -> 1180.7195 | E12: =$J$4*B12+(1-$J$4)*(E11+F11) -> 1181.9153 | F12: =$J$5*(E12-E11)+(1-$J$5)*F11 -> 22.11829
A13: Sep-24 | B13: 1160 | D13: =E12+F12 -> 1204.0336 | E13: =$J$4*B13+(1-$J$4)*(E12+F12) -> 1191.7327 | F13: =$J$5*(E13-E12)+(1-$J$5)*F12 -> 10.432397
A14: Oct-24 | B14: 1210 | D14: =E13+F13 -> 1202.1651 | E14: =$J$4*B14+(1-$J$4)*(E13+F13) -> 1204.3538 | F14: =$J$5*(E14-E13)+(1-$J$5)*F13 -> 12.511682
A15: Nov-24 | B15: 1240 | D15: =E14+F14 -> 1216.8655 | E15: =$J$4*B15+(1-$J$4)*(E14+F14) -> 1223.3282 | F15: =$J$5*(E15-E14)+(1-$J$5)*F14 -> 18.651263
A16: Dec-24 | B16: 1285 | D16: =E15+F15 -> 1241.9794 | E16: =$J$4*B16+(1-$J$4)*(E15+F15) -> 1253.9974 | F16: =$J$5*(E16-E15)+(1-$J$5)*F15 -> 30.068313
A17: Jan-25 | B17: 1260 | D17: =E16+F16 -> 1284.0657 | E17: =$J$4*B17+(1-$J$4)*(E16+F16) -> 1277.3429 | F17: =$J$5*(E17-E16)+(1-$J$5)*F16 -> 23.681618
A18: Feb-25 | B18: 1305 | D18: =E17+F17 -> 1301.0245 | E18: =$J$4*B18+(1-$J$4)*(E17+F17) -> 1302.1351 | F18: =$J$5*(E18-E17)+(1-$J$5)*F17 -> 24.736666
... A21: May-25 | B21: 1380 | D21: =E20+F20 -> 1385.246 | E21: =$J$4*B21+(1-$J$4)*(E20+F20) -> 1383.7805 | F21: =$J$5*(E21-E20)+(1-$J$5)*F20 -> 27.276355
A22: Jun-25 | B22: 1415 | C22: k | D22: =E21+F21 -> 1411.0569 | E22: =$J$4*B22+(1-$J$4)*(E21+F21) -> 1412.1584 | F22: =$J$5*(E22-E21)+(1-$J$5)*F21 -> 28.322807
A23: Jul-25 | C23: 1 | D23: =$E$22+C23*$F$22 -> 1440.4812 | G23: <Holdout data (prediction)
A24: Aug-25 | C24: 2 | D24: =$E$22+C24*$F$22 -> 1468.804
A25: Sep-25 | C25: 3 | D25: =$E$22+C25*$F$22 -> 1497.1268
A26: Oct-25 | C26: 4 | D26: =$E$22+C26*$F$22 -> 1525.4496
A27: Nov-25 | C27: 5 | D27: =$E$22+C27*$F$22 -> 1553.7724
A28: Dec-25 | C28: 6 | D28: =$E$22+C28*$F$22 -> 1582.0952

Sheet Demand_TES
D2: Triple Exponential Smoothing
A4: Month | B4: Actual Demand | D4: TES | E4: Level | F4: Trend | G4: Month | H4: Seasonality Index | J4: LS | K4: 0.74486938 | M4: Notes
A5: Jan-24 | B5: 980 | G5: Jan | H5: =B5/$E$10 -> 0.93111639 | J5: TS | K5: 0.99 | M5: 1. Blue cell represents the decision variable in the Solver
A6: Feb-24 | B6: 1025 | G6: Feb | H6: =B6/$E$10 -> 0.97387173 | J6: SS | K6: 0.99 | M6: 2. Yellow cell represents the objective cell (minimizing in this case)
A7: Mar-24 | B7: 1010 | G7: Mar | H7: =B7/$E$10 -> 0.95961995 | J7: RMSE for Jul-25 to Jun-26 | K7: =SQRT(SQRT(SUMXMY2(B23:B34,D23:D34)/(COUNT(B23:B34)-1))) -> 18.306124
A8: Apr-24 | B8: 1080 | G8: Apr | H8: =B8/$E$10 -> 1.0261283
A9: May-24 | B9: 1125 | G9: May | H9: =B9/$E$10 -> 1.0688836
A10: Jun-24 | B10: 1095 | E10: =AVERAGE(B5:B10) -> 1052.5 | F10: =(B11-B5)/12 -> 14.166667 | G10: Jun | H10: =B10/$E$10 -> 1.04038
A11: Jul-24 | B11: 1150 | D11: =(E10+F10)*H5 -> 993.19082 | E11: =$K$4*B11/H5+(1-$K$4)*(E10+F10) -> 1192.11 | F11: =$K$5*(E11-E10)+(1-$K$5)*F10 -> 138.35558 | G11: Jul | H11: =$K$6*B11/E11+(1-$K$6)*H5 -> 0.96434047
A12: Aug-24 | B12: 1185 | D12: =(E11+F11)*H6 -> 1295.7028 | E12: =$K$4*B12/H6+(1-$K$4)*(E11+F11) -> 1245.7941 | F12: =$K$5*(E12-E11)+(1-$K$5)*F11 -> 54.530823 | G12: Aug | H12: =$K$6*B12/E12+(1-$K$6)*H6 -> 0.95142722
A13: Sep-24 | B13: 1160 | D13: =(E12+F12)*H7 -> 1247.8178 | E13: =$K$4*B13/H7+(1-$K$4)*(E12+F12) -> 1232.1597 | F13: =$K$5*(E13-E12)+(1-$K$5)*F12 -> -12.952805 | G13: Sep | H13: =$K$6*B13/E13+(1-$K$6)*H7 -> 0.94161827
A14: Oct-24 | B14: 1210 | D14: =(E13+F13)*H8 -> 1251.0626 | E14: =$K$4*B14/H8+(1-$K$4)*(E13+F13) -> 1189.3994 | F14: =$K$5*(E14-E13)+(1-$K$5)*F13 -> -42.462203 | G14: Oct | H14: =$K$6*B14/E14+(1-$K$6)*H8 -> 1.0174083
A15: Nov-24 | B15: 1240 | D15: =(E14+F14)*H9 -> 1225.9424 | E15: =$K$4*B15/H9+(1-$K$4)*(E14+F14) -> 1156.7335 | F15: =$K$5*(E15-E14)+(1-$K$5)*F14 -> -32.763865 | G15: Nov | H15: =$K$6*B15/E15+(1-$K$6)*H9 -> 1.0719532
A16: Dec-24 | B16: 1285 | D16: =(E15+F15)*H10 -> 1169.3556 | E16: =$K$4*B16/H10+(1-$K$4)*(E15+F15) -> 1206.7663 | F16: =$K$5*(E16-E15)+(1-$K$5)*F15 -> 49.204831 | G16: Dec | H16: =$K$6*B16/E16+(1-$K$6)*H10 -> 1.0645847
A17: Jan-25 | B17: 1260 | D17: =(E16+F16)*H11 -> 1211.1838 | E17: =$K$4*B17/H11+(1-$K$4)*(E16+F16) -> 1293.6774 | F17: =$K$5*(E17-E16)+(1-$K$5)*F16 -> 86.534069 | G17: Jan | H17: =$K$6*B17/E17+(1-$K$6)*H11 -> 0.97387141
A18: Feb-25 | B18: 1305 | D18: =(E17+F17)*H12 -> 1313.1708 | E18: =$K$4*B18/H12+(1-$K$4)*(E17+F17) -> 1373.8146 | F18: =$K$5*(E18-E17)+(1-$K$5)*F17 -> 80.201166 | G18: Feb | H18: =$K$6*B18/E18+(1-$K$6)*H12 -> 0.949925
A19: Mar-25 | B19: 1330 | D19: =(E18+F18)*H13 -> 1369.1278 | E19: =$K$4*B19/H13+(1-$K$4)*(E18+F18) -> 1423.0636 | F19: =$K$5*(E19-E18)+(1-$K$5)*F18 -> 49.558534 | G19: Mar | H19: =$K$6*B19/E19+(1-$K$6)*H13 -> 0.93467348
A20: Apr-25 | B20: 1365 | D20: =(E19+F19)*H14 -> 1498.2579 | E20: =$K$4*B20/H14+(1-$K$4)*(E19+F19) -> 1375.0608 | F20: =$K$5*(E20-E19)+(1-$K$5)*F19 -> -47.027244 | G20: Apr | H20: =$K$6*B20/E20+(1-$K$6)*H14 -> 0.99293065
A21: May-25 | B21: 1380 | D21: =(E20+F20)*H15 -> 1423.5898 | E21: =$K$4*B21/H15+(1-$K$4)*(E20+F20) -> 1297.7443 | F21: =$K$5*(E21-E20)+(1-$K$5)*F20 -> -77.013615 | G21: May | H21: =$K$6*B21/E21+(1-$K$6)*H15 -> 1.0634693
A22: Jun-25 | B22: 1415 | C22: k | D22: =(E21+F21)*H16 -> 1299.5712 | E22: =$K$4*B22/H16+(1-$K$4)*(E21+F21) -> 1301.4939 | F22: =$K$5*(E22-E21)+(1-$K$5)*F21 -> 2.9420532 | G22: Jun | H22: =$K$6*B22/E22+(1-$K$6)*H16 -> 1.0869859
A23: Jul-25 | B23: 1420 | C23: 1 | D23: =($E$22+$F$22*C23)*H23 -> 1257.9204 | G23: Jul | H23: =VLOOKUP(G23,$G$11:$H$22,2,FALSE) -> 0.96434047 | I23: <Holdout data begins (prediction)
A24: Aug-25 | B24: 1372 | C24: 2 | D24: =($E$22+$F$22*C24)*H24 -> 1243.8751 | G24: Aug | H24: =VLOOKUP(G24,$G$11:$H$22,2,FALSE) -> 0.95142722
A25: Sep-25 | B25: 1455 | C25: 3 | D25: =($E$22+$F$22*C25)*H25 -> 1233.8213 | G25: Sep | H25: =VLOOKUP(G25,$G$11:$H$22,2,FALSE) -> 0.94161827
A26: Oct-25 | B26: 1280 | C26: 4 | D26: =($E$22+$F$22*C26)*H26 -> 1336.1238 | G26: Oct | H26: =VLOOKUP(G26,$G$11:$H$22,2,FALSE) -> 1.0174083
A27: Nov-25 | B27: 1110 | C27: 5 | D27: =($E$22+$F$22*C27)*H27 -> 1410.9093 | G27: Nov | H27: =VLOOKUP(G27,$G$11:$H$22,2,FALSE) -> 1.0719532
A28: Dec-25 | B28: 1323 | C28: 6 | D28: =($E$22+$F$22*C28)*H28 -> 1404.343 | G28: Dec | H28: =VLOOKUP(G28,$G$11:$H$22,2,FALSE) -> 1.0645847
A29: Jan-26 | B29: 1444 | C29: 7 | D29: =($E$22+$F$22*C29)*H29 -> 1287.544 | G29: Jan | H29: =VLOOKUP(G29,$G$11:$H$22,2,FALSE) -> 0.97387141
A30: Feb-26 | B30: 1200 | C30: 8 | D30: =($E$22+$F$22*C30)*H30 -> 1258.6795 | G30: Feb | H30: =VLOOKUP(G30,$G$11:$H$22,2,FALSE) -> 0.949925
A31: Mar-26 | B31: 990 | C31: 9 | D31: =($E$22+$F$22*C31)*H31 -> 1241.2206 | G31: Mar | H31: =VLOOKUP(G31,$G$11:$H$22,2,FALSE) -> 0.93467348
A32: Apr-26 | B32: 1170 | C32: 10 | D32: =($E$22+$F$22*C32)*H32 -> 1321.5058 | G32: Apr | H32: =VLOOKUP(G32,$G$11:$H$22,2,FALSE) -> 0.99293065
A33: May-26 | B33: 940 | C33: 11 | D33: =($E$22+$F$22*C33)*H33 -> 1418.5155 | G33: May | H33: =VLOOKUP(G33,$G$11:$H$22,2,FALSE) -> 1.0634693
A34: Jun-26 | B34: 2290 | C34: 12 | D34: =($E$22+$F$22*C34)*H34 -> 1453.0811 | G34: Jun | H34: =VLOOKUP(G34,$G$11:$H$22,2,FALSE) -> 1.0869859

Sheet Scenario Analysis
C1: Scenario Analysis
A3: Scenario | B3: Lead Time (days) | C3: Service Factor (z) | D3: Safety Stock | E3: Reorder Point | F3: Total Annual Cost
A4: Lean | B4: 7 | C4: 0.84 | D4: =C4*Inputs!$B$15*SQRT('Scenario Analysis'!B4/30) -> 53.600704 | E4: =(Inputs!$B$16*'Scenario Analysis'!B4)+'Scenario Analysis'!D4 -> 333.6007 | F4: =Inputs!$B$23+(('Scenario Analysis'!D4-Inputs!$B$20)*Inputs!$B$18) -> 852.52675 | G4: <- Best scenario cost
A5: Lean+ | B5: 7 | C5: 1.28 | D5: =C5*Inputs!$B$15*SQRT('Scenario Analysis'!B5/30) -> 81.677264 | E5: =(Inputs!$B$16*'Scenario Analysis'!B5)+'Scenario Analysis'!D5 -> 361.67726 | F5: =Inputs!$B$23+(('Scenario Analysis'!D5-Inputs!$B$20)*Inputs!$B$18) -> 936.75642
A6: Balanced | B6: 14 | C6: 1.28 | D6: =C6*Inputs!$B$15*SQRT('Scenario Analysis'!B6/30) -> 115.50909 | E6: =(Inputs!$B$16*'Scenario Analysis'!B6)+'Scenario Analysis'!D6 -> 675.50909 | F6: =Inputs!$B$23+(('Scenario Analysis'!D6-Inputs!$B$20)*Inputs!$B$18) -> 1038.2519
A7: Balanced+ | B7: 14 | C7: 1.65 | D7: =C7*Inputs!$B$15*SQRT('Scenario Analysis'!B7/30) -> 148.89844 | E7: =(Inputs!$B$16*'Scenario Analysis'!B7)+'Scenario Analysis'!D7 -> 708.89844 | F7: =Inputs!$B$23+(('Scenario Analysis'!D7-Inputs!$B$20)*Inputs!$B$18) -> 1138.42
A8: Protective | B8: 21 | C8: 1.65 | D8: =C8*Inputs!$B$15*SQRT('Scenario Analysis'!B8/30) -> 182.3626 | E8: =(Inputs!$B$16*'Scenario Analysis'!B8)+'Scenario Analysis'!D8 -> 1022.3626 | F8: =Inputs!$B$23+(('Scenario Analysis'!D8-Inputs!$B$20)*Inputs!$B$18) -> 1238.8124
A9: Protective+ | B9: 21 | C9: 2.05 | D9: =C9*Inputs!$B$15*SQRT('Scenario Analysis'!B9/30) -> 226.57172 | E9: =(Inputs!$B$16*'Scenario Analysis'!B9)+'Scenario Analysis'!D9 -> 1066.5717 | F9: =Inputs!$B$23+(('Scenario Analysis'!D9-Inputs!$B$20)*Inputs!$B$18) -> 1371.4398
A10: Fast Replenishment | B10: 10 | C10: 1.65 | D10: =C10*Inputs!$B$15*SQRT('Scenario Analysis'!B10/30) -> 125.84215 | E10: =(Inputs!$B$16*'Scenario Analysis'!B10)+'Scenario Analysis'!D10 -> 525.84215 | F10: =Inputs!$B$23+(('Scenario Analysis'!D10-Inputs!$B$20)*Inputs!$B$18) -> 1069.2511
A11: Long Lead Time | B11: 28 | C11: 1.65 | D11: =C11*Inputs!$B$15*SQRT('Scenario Analysis'!B11/30) -> 210.5742 | E11: =(Inputs!$B$16*'Scenario Analysis'!B11)+'Scenario Analysis'!D11 -> 1330.5742 | F11: =Inputs!$B$23+(('Scenario Analysis'!D11-Inputs!$B$20)*Inputs!$B$18) -> 1323.4472
A12: High Service | B12: 14 | C12: 2.05 | D12: =C12*Inputs!$B$15*SQRT('Scenario Analysis'!B12/30) -> 184.99503 | E12: =(Inputs!$B$16*'Scenario Analysis'!B12)+'Scenario Analysis'!D12 -> 744.99503 | F12: =Inputs!$B$23+(('Scenario Analysis'!D12-Inputs!$B$20)*Inputs!$B$18) -> 1246.7097
A13: Low Service | B13: 14 | C13: 0.84 | D13: =C13*Inputs!$B$15*SQRT('Scenario Analysis'!B13/30) -> 75.802843 | E13: =(Inputs!$B$16*'Scenario Analysis'!B13)+'Scenario Analysis'!D13 -> 635.80284 | F13: =Inputs!$B$23+(('Scenario Analysis'!D13-Inputs!$B$20)*Inputs!$B$18) -> 919.13316
A14: Short LT + High SL | B14: 7 | C14: 2.05 | D14: =C14*Inputs!$B$15*SQRT('Scenario Analysis'!B14/30) -> 130.81124 | E14: =(Inputs!$B$16*'Scenario Analysis'!B14)+'Scenario Analysis'!D14 -> 410.81124 | F14: =Inputs!$B$23+(('Scenario Analysis'!D14-Inputs!$B$20)*Inputs!$B$18) -> 1084.1584
A15: Long LT +Low SL | B15: 28 | C15: 0.84 | D15: =C15*Inputs!$B$15*SQRT('Scenario Analysis'!B15/30) -> 107.20141 | E15: =(Inputs!$B$16*'Scenario Analysis'!B15)+'Scenario Analysis'!D15 -> 1227.2014 | F15: =Inputs!$B$23+(('Scenario Analysis'!D15-Inputs!$B$20)*Inputs!$B$18) -> 1013.3289
